{"cameraMode":{"drawMode":0,"name":"Shaded","section":"Shading Mode"},"sceneLighting":false,"audioPlay":false,"sceneViewState":{"m_AlwaysRefresh":false,"showFog":false,"showSkybox":false,"showFlares":true,"showImageEffects":true,"showParticleSystems":true,"showVisualEffectGraphs":true,"m_FxEnabled":true},"in2DMode":false,"pivot":{"x":177.00704956054688,"y":314.82879638671877,"z":8.215179443359375},"rotation":{"x":-0.06026840582489967,"y":0.012574714608490467,"z":-0.0007584804552607238,"w":-0.9981053471565247},"size":249.19253540039063,"orthographic":false}