{"cameraMode":{"drawMode":0,"name":"Shaded","section":"Shading Mode"},"sceneLighting":false,"audioPlay":false,"sceneViewState":{"m_AlwaysRefresh":false,"showFog":true,"showSkybox":true,"showFlares":true,"showImageEffects":true,"showParticleSystems":true,"showVisualEffectGraphs":true,"m_FxEnabled":true},"in2DMode":false,"pivot":{"x":13.752820014953614,"y":49.623722076416019,"z":-1.2921874523162842},"rotation":{"x":-0.188770592212677,"y":0.09469692409038544,"z":-0.018292294815182687,"w":-0.9772759079933167},"size":0.8660253882408142,"orthographic":false}