{"cameraMode":{"drawMode":0,"name":"Shaded","section":"Shading Mode"},"sceneLighting":false,"audioPlay":false,"sceneViewState":{"m_AlwaysRefresh":false,"showFog":true,"showSkybox":true,"showFlares":true,"showImageEffects":true,"showParticleSystems":true,"showVisualEffectGraphs":true,"m_FxEnabled":true},"in2DMode":false,"pivot":{"x":283.7337341308594,"y":-117.36618041992188,"z":-1681.30224609375},"rotation":{"x":0.656492292881012,"y":-0.0035622557625174524,"z":0.0013163886032998562,"w":0.7548414468765259},"size":207.93519592285157,"orthographic":false}